store_id,date,state,local_population,local_stores
131,2021-11-19,New York,7438,2
203,2021-04-09,New York,59715,1
50,2021-08-19,New York,29231,2
585,2021-01-18,Pennsylvania,4884,2
138,2021-03-25,New York,12350,1
632,2021-04-17,Pennsylvania,114856,2
328,2021-05-04,New York,1946,1
461,2021-02-27,New Jersey,14344,1
924,2021-08-03,Massachusetts,78115,1
479,2021-08-14,New Jersey,9258,3
195,2021-04-07,New York,11171,1
221,2021-04-24,New York,20036,1
209,2021-05-07,New York,97869,2
378,2021-02-17,New York,11627,2
156,2021-03-15,New York,14129,1
327,2021-02-02,New York,14266,2
761,2021-08-13,Massachusetts,199971,2
320,2021-04-22,New York,196180,2
274,2021-12-06,New York,60117,2
417,2021-12-01,New York,32409,1
372,2021-09-11,New York,46045,3
299,2021-04-07,New York,97805,2
229,2021-07-28,New York,8640,1
896,2021-03-10,Massachusetts,71384,1
594,2021-11-02,Pennsylvania,6286,1
983,2021-11-08,Massachusetts,11641,2
736,2021-01-03,Massachusetts,54563,1
85,2021-12-07,New York,5278,2
882,2021-02-09,Massachusetts,19148,1
7,2021-11-19,New York,9304,3
722,2021-03-26,Pennsylvania,17058,1
43,2021-02-17,New York,1341,1
566,2021-06-26,Pennsylvania,3746,3
317,2021-05-16,New York,10939,3
874,2021-12-28,Massachusetts,55685,1
743,2021-04-10,Massachusetts,18516,1
353,2021-12-15,New York,22089,1
145,2021-06-30,New York,43837,1
346,2021-12-25,New York,9140,1
590,2021-12-20,Pennsylvania,29250,3
771,2021-08-02,Massachusetts,9844,1
336,2021-04-29,New York,3914,2
633,2021-12-17,Pennsylvania,14900,1
310,2021-10-18,New York,39097,1
693,2021-03-18,Pennsylvania,30902,1
691,2021-06-18,Pennsylvania,21767,2
338,2021-04-17,New York,240955,5
901,2021-11-22,Massachusetts,33287,1
318,2021-03-06,New York,58614,1
352,2021-11-28,New York,206518,3
161,2021-11-11,New York,6039,2
542,2021-10-06,Pennsylvania,7795,2
786,2021-07-25,Massachusetts,125959,2
917,2021-05-27,Massachusetts,9916,1
387,2021-09-29,New York,22690,1
196,2021-09-11,New York,64172,2
648,2021-06-08,Pennsylvania,53675,1
167,2021-06-30,New York,127374,2
597,2021-03-12,Pennsylvania,98287,2
392,2021-06-04,New York,64177,3
803,2021-07-28,Massachusetts,10171,2
536,2021-09-28,Pennsylvania,48770,1
172,2021-09-13,New York,30160,5
830,2021-09-02,Massachusetts,5847,1
182,2021-12-26,New York,90880,2
702,2021-05-10,Pennsylvania,49377,2
784,2021-02-13,Massachusetts,23052,2
613,2021-07-06,Pennsylvania,17447,3
965,2021-12-24,Massachusetts,6646,3
171,2021-07-03,New York,26890,2
345,2021-01-26,New York,35187,1
822,2021-11-09,Massachusetts,9594,1
877,2021-11-02,Massachusetts,70418,1
147,2021-09-26,New York,7353,2
548,2021-01-19,Pennsylvania,2636,1
642,2021-01-02,Pennsylvania,62301,3
971,2021-02-21,Massachusetts,14715,3
934,2021-08-22,Massachusetts,19418,1
184,2021-11-01,New York,9533,1
607,2021-02-26,Pennsylvania,4421,2
437,2021-12-09,New Jersey,77284,1
266,2021-01-04,New York,11060,1
808,2021-03-09,Massachusetts,115954,3
447,2021-05-20,New Jersey,49380,2
713,2021-05-30,Pennsylvania,16079,2
114,2021-04-14,New York,7436,1
656,2021-12-21,Pennsylvania,10589,1
985,2021-01-04,Massachusetts,6552,1
426,2021-09-17,New York,177569,2
5,2021-09-01,New York,25963,1
640,2021-08-11,Pennsylvania,69578,2
986,2021-09-20,Massachusetts,6202,3
932,2021-09-23,Massachusetts,26398,1
41,2021-03-29,New York,71529,2
134,2021-01-15,New York,15756,2
938,2021-07-18,Massachusetts,61766,3
814,2021-05-21,Massachusetts,7446,2
994,2021-01-28,Vermont,5634,1
805,2021-10-22,Massachusetts,32190,1
558,2021-11-27,Pennsylvania,15075,1
875,2021-12-22,Massachusetts,41859,1
933,2021-04-27,Massachusetts,3048,2
861,2021-04-10,Massachusetts,44903,1
868,2021-07-13,Massachusetts,296056,3
792,2021-10-31,Massachusetts,21491,2
928,2021-01-17,Massachusetts,22791,2
246,2021-05-14,New York,26359,1
764,2021-12-27,Massachusetts,3422,1
939,2021-04-20,Massachusetts,33730,1
48,2021-03-28,New York,4423,1
828,2021-02-16,Massachusetts,14362,2
616,2021-09-29,Pennsylvania,76334,1
316,2021-11-12,New York,10560,1
446,2021-10-24,New Jersey,36361,1
313,2021-10-29,New York,60642,1
416,2021-09-14,New York,29107,2
571,2021-11-21,Pennsylvania,5592,1
921,2021-12-16,Massachusetts,15796,1
103,2021-03-02,New York,156281,4
541,2021-11-18,Pennsylvania,2907,2
891,2021-09-12,Massachusetts,16718,1
660,2021-11-20,Pennsylvania,12681,1
35,2021-10-28,New York,24853,2
869,2021-11-04,Massachusetts,46547,1
916,2021-05-16,Massachusetts,110050,2
102,2021-03-30,New York,16811,2
791,2021-05-22,Massachusetts,49630,1
52,2021-12-31,New York,36306,1
200,2021-11-16,New York,35396,3
4,2021-12-07,New York,12532,1
953,2021-04-30,Massachusetts,8125,1
453,2021-09-08,New Jersey,7332,1
714,2021-02-28,Pennsylvania,10338,2
476,2021-03-19,New Jersey,30384,1
470,2021-01-09,New Jersey,47143,1
599,2021-07-26,Pennsylvania,30439,1
646,2021-03-07,Pennsylvania,12721,2
235,2021-08-11,New York,134050,2
793,2021-07-18,Massachusetts,100596,5
972,2021-02-10,Massachusetts,15460,1
298,2021-03-18,New York,9668,1
856,2021-06-03,Massachusetts,25090,2
261,2021-05-04,New York,78221,2
57,2021-05-16,New York,30723,1
164,2021-09-27,New York,38428,3
758,2021-09-09,Massachusetts,17817,1
696,2021-09-15,Pennsylvania,34762,2
55,2021-09-05,New York,103212,2
966,2021-06-19,Massachusetts,17332,2
28,2021-07-26,New York,25420,1
923,2021-03-05,Massachusetts,28391,1
188,2021-01-04,New York,29253,1
669,2021-01-18,Pennsylvania,5367,1
688,2021-03-30,Pennsylvania,3372,3
375,2021-08-27,New York,7945,2
798,2021-08-04,Massachusetts,26054,1
308,2021-07-17,New York,38325,2
54,2021-04-08,New York,12956,1
117,2021-02-20,New York,87313,1
692,2021-12-24,Pennsylvania,19088,1
204,2021-05-11,New York,22479,1
898,2021-05-27,Massachusetts,18143,1
303,2021-10-30,New York,25186,1
260,2021-02-15,New York,44555,1
31,2021-01-19,New York,42858,2
485,2021-06-24,New Jersey,8969,2
859,2021-03-15,Massachusetts,101080,2
36,2021-03-04,New York,7369,2
162,2021-07-15,New York,23843,1
482,2021-05-20,New Jersey,16741,1
807,2021-04-03,Massachusetts,7716,1
845,2021-02-15,Massachusetts,20432,2
835,2021-05-03,Massachusetts,10501,1
922,2021-07-07,Massachusetts,23692,1
744,2021-10-09,Massachusetts,32961,2
384,2021-10-11,New York,95983,2
749,2021-04-21,Massachusetts,29953,2
100,2021-09-17,New York,11953,1
689,2021-04-10,Pennsylvania,14889,1
226,2021-07-26,New York,25336,2
456,2021-12-08,New Jersey,24184,2
397,2021-11-09,New York,94806,1
674,2021-12-10,Pennsylvania,88908,1
267,2021-04-11,New York,15384,3
373,2021-11-22,New York,12725,1
677,2021-04-23,Pennsylvania,1708,2
931,2021-11-09,Massachusetts,12722,1
185,2021-03-02,New York,8283,3
335,2021-05-18,New York,15447,2
811,2021-07-14,Massachusetts,32584,2
388,2021-06-11,New York,26297,1
78,2021-03-11,New York,21376,1
769,2021-05-05,Massachusetts,26892,2
751,2021-07-27,Massachusetts,19417,1
344,2021-09-09,New York,26823,1
79,2021-01-29,New York,870,2
177,2021-11-19,New York,16826,2
657,2021-01-11,Pennsylvania,19715,3
210,2021-08-17,New York,15658,1
381,2021-09-17,New York,17713,1
512,2021-09-17,Pennsylvania,44503,1
685,2021-10-07,Pennsylvania,12111,1
997,2021-08-08,Maine,198929,2
927,2021-07-03,Massachusetts,43840,1
376,2021-10-18,New York,21888,2
788,2021-10-21,Massachusetts,17914,2
91,2021-11-02,New York,20201,1
170,2021-12-10,New York,8819,1
584,2021-12-08,Pennsylvania,20026,3
90,2021-06-03,New York,29106,2
75,2021-07-06,New York,39322,1
747,2021-07-14,Massachusetts,39328,1
969,2021-10-29,Massachusetts,16733,2
368,2021-01-11,New York,5345,2
893,2021-05-17,Massachusetts,11281,1
529,2021-09-03,Pennsylvania,110436,2
870,2021-10-09,Massachusetts,53963,1
97,2021-12-22,New York,31876,2
897,2021-03-09,Massachusetts,10288,1
272,2021-04-26,New York,22107,2
881,2021-11-18,Massachusetts,6275,1
936,2021-01-08,Massachusetts,12684,2
270,2021-12-22,New York,17237,1
708,2021-08-14,Pennsylvania,15342,3
483,2021-06-17,New Jersey,57331,1
610,2021-08-09,Pennsylvania,5331,2
431,2021-05-18,New york,9270,1
754,2021-06-18,Massachusetts,5571,2
729,2021-11-21,Pennsylvania,6391,2
279,2021-08-04,New York,24936,2
13,2021-08-21,New York,4445,1
943,2021-03-31,Massachusetts,46811,1
395,2021-11-03,New York,17209,2
810,2021-02-14,Massachusetts,23595,2
74,2021-04-03,New York,30412,2
239,2021-12-06,New York,14269,2
275,2021-12-04,New York,61851,1
505,2021-04-19,Pennsylvania,18136,4
236,2021-03-03,New York,39898,2
59,2021-12-27,New York,18050,1
920,2021-09-05,Massachusetts,29463,1
500,2021-09-05,Pennsylvania,29134,1
967,2021-01-15,Massachusetts,28282,1
151,2021-01-24,New York,8314,1
249,2021-11-15,New York,34060,2
653,2021-04-28,Pennsylvania,16011,1
11,2021-03-22,New York,41377,1
252,2021-08-29,New York,2559,1
521,2021-08-27,Pennsylvania,5089,1
227,2021-06-02,New York,31680,1
894,2021-05-07,Massachusetts,141907,3
941,2021-05-24,Massachusetts,50770,2
285,2021-05-08,New York,11132,2
462,2021-03-26,New Jersey,4056,1
370,2021-08-24,New York,46290,1
95,2021-08-28,New York,20321,2
621,2021-08-07,Pennsylvania,39763,2
415,2021-01-05,New York,24718,3
716,2021-05-30,Pennsylvania,22689,1
291,2021-02-02,New York,424482,5
273,2021-12-21,New York,21892,2
935,2021-04-17,Massachusetts,18784,2
801,2021-04-14,Massachusetts,19507,1
444,2021-12-13,New Jersey,12289,1
280,2021-12-26,New York,59286,3
269,2021-02-28,New York,15464,1
343,2021-09-15,New York,41604,1
802,2021-06-23,Massachusetts,29278,2
406,2021-10-06,New York,74532,1
363,2021-02-23,New York,33529,1
107,2021-11-27,New York,6546,1
522,2021-10-19,Pennsylvania,5846,2
799,2021-03-25,Massachusetts,90072,1
739,2021-12-17,Massachusetts,11984,2
348,2021-03-13,New York,5881,1
396,2021-02-09,New York,11275,1
709,2021-12-10,Pennsylvania,78013,2
294,2021-12-06,New York,5323,3
995,2021-12-01,Vermont,9260,3
968,2021-01-30,Massachusetts,11307,1
671,2021-01-20,Pennsylvania,6303,1
351,2021-10-21,New York,6739,2
958,2021-01-02,Massachusetts,4827,2
367,2021-05-14,New York,13888,3
421,2021-12-28,New York,15446,2
752,2021-03-23,Massachusetts,11131,2
237,2021-06-13,New York,4215,1
809,2021-03-19,Massachusetts,77137,1
778,2021-01-26,Massachusetts,5831,2
903,2021-04-08,Massachusetts,29087,1
914,2021-04-28,Massachusetts,7519,2
887,2021-03-23,Massachusetts,42973,3
946,2021-05-25,Massachusetts,57287,2
723,2021-10-14,Pennsylvania,9158,1
240,2021-06-08,New York,3217,1
556,2021-01-13,Pennsylvania,44169,1
598,2021-04-01,Pennsylvania,143746,3
458,2021-04-03,New Jersey,33379,1
586,2021-02-08,Pennsylvania,25862,1
178,2021-12-21,New York,49999,1
498,2021-01-08,Pennsylvania,47337,1
243,2021-04-17,New York,9614,1
314,2021-06-15,New York,11394,1
202,2021-01-15,New York,40584,1
300,2021-04-24,New York,19072,2
682,2021-05-09,Pennsylvania,82175,1
230,2021-05-11,New York,10891,1
306,2021-02-07,New York,46658,3
166,2021-03-04,New York,31028,1
620,2021-01-15,Pennsylvania,19410,1
724,2021-03-03,Pennsylvania,71390,2
263,2021-12-28,New York,43481,1
326,2021-03-23,New York,8063,1
232,2021-02-07,New York,41782,2
150,2021-08-11,New York,87116,1
469,2021-01-07,New Jersey,19333,1
132,2021-12-23,New York,17177,2
9,2021-03-13,New York,11275,1
254,2021-11-30,New York,21729,2
952,2021-08-30,Massachusetts,43748,2
379,2021-12-01,New York,9724,1
581,2021-08-13,Pennsylvania,5731,2
82,2021-02-21,New York,15127,2
64,2021-12-20,New York,5543,2
767,2021-09-17,Massachusetts,37169,3
369,2021-05-09,New York,14376,2
528,2021-04-15,Pennsylvania,3807,1
449,2021-05-07,New Jersey,15543,2
119,2021-05-07,New York,18167,1
773,2021-11-30,Massachusetts,34515,1
777,2021-04-05,Massachusetts,19046,1
664,2021-06-15,Pennsylvania,142732,2
518,2021-04-24,Pennsylvania,13112,2
110,2021-02-22,New York,20694,1
704,2021-12-06,Pennsylvania,19872,1
960,2021-09-16,Massachusetts,16604,1
979,2021-08-13,Massachusetts,25398,2
711,2021-01-15,Pennsylvania,37844,1
121,2021-01-03,New York,84128,2
712,2021-12-14,Pennsylvania,4586,1
543,2021-08-27,Pennsylvania,13222,5
478,2021-06-10,New Jersey,14076,1
623,2021-10-16,Pennsylvania,56266,2
492,2021-09-17,Pennsylvania,15419,1
678,2021-08-12,Pennsylvania,3310,2
858,2021-08-22,Massachusetts,24046,3
399,2021-08-08,New York,21297,1
40,2021-09-05,New York,26364,2
710,2021-12-02,Pennsylvania,7784,2
217,2021-04-17,New York,122889,3
307,2021-08-08,New York,15933,2
523,2021-12-01,Pennsylvania,18246,2
820,2021-04-22,Massachusetts,8955,2
157,2021-01-22,New York,8682,2
250,2021-06-08,New York,6485,1
124,2021-07-07,New York,14864,3
974,2021-12-07,Massachusetts,8454,2
329,2021-10-15,New York,172210,2
349,2021-03-12,New York,3333,1
785,2021-08-13,Massachusetts,7127,2
463,2021-03-19,New Jersey,14744,2
169,2021-07-09,New York,43195,2
374,2021-09-06,New York,14563,3
918,2021-08-05,Massachusetts,43302,2
524,2021-08-12,Pennsylvania,8211,1
34,2021-01-28,New York,23372,3
854,2021-11-18,Massachusetts,126000,2
309,2021-01-17,New York,8369,1
760,2021-05-16,Massachusetts,33509,1
163,2021-10-21,New York,27090,1
159,2021-09-13,New York,2318,2
287,2021-07-11,New York,12222,1
183,2021-08-17,New York,68265,1
605,2021-03-31,Pennsylvania,25212,2
457,2021-10-14,New Jersey,6553,2
567,2021-07-31,Pennsylvania,43949,1
21,2021-11-22,New York,13642,2
735,2021-04-24,Pennsylvania,31573,3
776,2021-07-04,Massachusetts,32110,1
283,2021-09-14,New York,7196,2
871,2021-03-31,Massachusetts,48525,1
970,2021-10-12,Massachusetts,8042,1
721,2021-03-07,Pennsylvania,5968,2
561,2021-10-05,Pennsylvania,9110,1
160,2021-01-29,New York,15583,2
425,2021-01-09,New York,24573,1
120,2021-10-24,New York,10172,3
389,2021-01-21,New York,46389,2
127,2021-09-06,New York,28324,2
491,2021-04-06,Pennsylvania,10995,1
753,2021-04-21,Massachusetts,53583,1
80,2021-08-24,New York,70338,1
774,2021-02-09,Massachusetts,19957,1
517,2021-10-09,Pennsylvania,17766,1
804,2021-06-25,Massachusetts,3738,2
838,2021-05-06,Massachusetts,14654,2
148,2021-07-24,New York,16457,2
192,2021-08-12,New York,28152,3
22,2021-02-02,New York,18612,1
181,2021-12-19,New York,28114,2
429,2021-10-25,New York,102139,4
175,2021-08-22,New York,12966,4
733,2021-03-18,Pennsylvania,13481,3
122,2021-10-26,New York,5948,1
857,2021-01-04,Massachusetts,21837,2
950,2021-12-24,Massachusetts,58502,2
982,2021-07-11,Massachusetts,3824,1
849,2021-07-17,Massachusetts,11318,1
863,2021-08-07,Massachusetts,22833,2
212,2021-08-20,New York,51539,2
66,2021-06-07,New York,32302,1
580,2021-07-21,Pennsylvania,30499,1
284,2021-06-29,New York,17601,2
190,2021-10-06,New York,35663,1
84,2021-10-30,New York,60737,1
242,2021-09-01,New York,3988,1
652,2021-02-19,Pennsylvania,45640,1
547,2021-01-09,Pennsylvania,19955,1
155,2021-08-22,New York,12965,1
331,2021-12-14,New York,1914,1
883,2021-08-23,Massachusetts,5539,1
356,2021-04-25,New York,120338,2
840,2021-03-13,Massachusetts,11064,1
902,2021-04-16,Massachusetts,7445,1
101,2021-03-13,New York,13955,1
228,2021-03-23,New York,10455,3
282,2021-05-29,New York,24943,1
670,2021-05-21,Pennsylvania,100406,3
797,2021-10-10,Massachusetts,12251,3
987,2021-08-27,Massachusetts,25701,1
959,2021-03-03,Massachusetts,6994,1
545,2021-10-23,Pennsylvania,100727,2
94,2021-11-05,New York,26610,1
430,2021-07-27,New York,7466,2
864,2021-10-23,Massachusetts,54410,1
278,2021-05-07,New York,73130,2
757,2021-09-22,Massachusetts,25886,1
565,2021-07-28,Pennsylvania,4275,1
245,2021-09-16,New York,131291,2
332,2021-11-08,New York,30035,1
534,2021-06-30,Pennsylvania,71001,2
568,2021-09-17,Pennsylvania,12697,3
448,2021-10-23,New Jersey,14785,1
948,2021-06-29,Massachusetts,24599,2
289,2021-11-08,New York,67064,2
578,2021-11-17,Pennsylvania,25412,1
142,2021-07-25,New York,6268,1
511,2021-07-19,Pennsylvania,28624,1
499,2021-11-23,Pennsylvania,112368,3
937,2021-01-30,Massachusetts,23525,2
684,2021-01-25,Pennsylvania,25069,1
292,2021-02-08,New York,6232,1
452,2021-07-27,New Jersey,5415,1
45,2021-11-27,New York,11641,1
527,2021-06-02,Pennsylvania,15891,1
787,2021-02-02,Massachusetts,24442,2
698,2021-11-06,Pennsylvania,26003,2
813,2021-04-26,Massachusetts,109306,3
839,2021-04-22,Massachusetts,23358,4
560,2021-06-29,Pennsylvania,63858,1
831,2021-07-21,Massachusetts,21177,1
930,2021-04-24,Massachusetts,93798,3
26,2021-03-14,New York,3393,1
362,2021-01-01,New York,12104,1
268,2021-08-14,New York,58867,1
63,2021-01-31,New York,18553,1
993,2021-10-04,Vermont,55912,1
553,2021-01-24,Pennsylvania,32373,2
973,2021-01-19,Massachusetts,56720,1
33,2021-03-02,New York,40663,2
546,2021-04-22,Pennsylvania,43202,1
850,2021-05-04,Massachusetts,97974,2
617,2021-01-20,Pennsylvania,59070,1
118,2021-04-27,New York,59504,2
15,2021-06-03,New York,22481,1
538,2021-05-07,Pennsylvania,12310,1
42,2021-01-07,New York,11389,1
654,2021-11-08,Pennsylvania,46674,1
730,2021-03-13,Pennsylvania,1923,1
427,2021-04-04,New York,5960,1
174,2021-01-11,New York,8406,1
719,2021-09-06,Pennsylvania,17195,2
643,2021-03-13,Pennsylvania,1585,2
591,2021-06-24,Pennsylvania,77553,1
455,2021-07-11,New Jersey,40142,1
734,2021-02-12,Pennsylvania,160265,3
93,2021-08-23,New York,63717,2
909,2021-01-16,Massachusetts,61721,1
311,2021-04-29,New York,209123,4
487,2021-09-17,New Jersey,12445,1
554,2021-12-07,Pennsylvania,4898,1
770,2021-02-19,Massachusetts,17460,2
531,2021-02-03,Pennsylvania,9653,2
153,2021-09-11,New York,17037,1
116,2021-08-20,New York,7706,2
667,2021-10-18,Pennsylvania,38866,2
408,2021-03-05,New York,36790,2
468,2021-09-26,New Jersey,21441,2
989,2021-12-29,Rhode Island,30079,2
443,2021-01-27,New Jersey,19110,1
694,2021-10-25,Pennsylvania,46725,1
848,2021-09-11,Massachusetts,23615,1
18,2021-05-24,New York,16891,2
23,2021-08-23,New York,55803,2
276,2021-06-30,New York,77716,1
30,2021-02-15,New York,83906,1
725,2021-10-20,Pennsylvania,8182,1
0,2021-12-26,New York,12907,3
72,2021-08-20,New York,4018,1
783,2021-07-21,Massachusetts,17352,1
756,2021-05-23,Massachusetts,33394,1
641,2021-10-17,Pennsylvania,19287,2
435,2021-08-02,New Jersey,151881,3
525,2021-08-02,Pennsylvania,14679,2
913,2021-01-09,Massachusetts,7417,1
115,2021-06-03,New York,38890,1
508,2021-11-29,Pennsylvania,25589,2
32,2021-09-03,New York,38164,1
700,2021-09-14,Pennsylvania,29845,1
676,2021-10-06,Pennsylvania,28107,1
38,2021-10-16,New York,2638,1
24,2021-04-05,New York,10656,1
668,2021-10-04,Pennsylvania,12206,1
199,2021-08-03,New York,15553,2
205,2021-07-27,New York,14067,1
626,2021-03-02,Pennsylvania,33284,2
532,2021-10-10,Pennsylvania,40170,1
925,2021-08-17,Massachusetts,7104,3
258,2021-04-12,New York,43774,1
905,2021-06-29,Massachusetts,39568,2
264,2021-05-22,New York,35093,1
614,2021-12-23,Pennsylvania,5335,1
991,2021-09-20,Rhode Island,34221,2
295,2021-11-28,New York,23923,1
659,2021-06-05,Pennsylvania,57577,1
675,2021-08-31,Pennsylvania,131184,2
105,2021-03-26,New York,107804,3
71,2021-07-10,New York,24653,2
234,2021-10-12,New York,21985,1
347,2021-03-08,New York,41438,2
683,2021-08-01,Pennsylvania,7223,1
402,2021-12-27,New York,5163,2
834,2021-04-04,Massachusetts,13732,1
520,2021-02-17,Pennsylvania,74650,1
509,2021-12-25,Pennsylvania,15817,2
603,2021-10-24,Pennsylvania,98971,2
49,2021-05-03,New York,1355,1
386,2021-05-17,New York,4504,2
302,2021-06-25,New York,19464,1
179,2021-08-03,New York,53541,1
201,2021-07-01,New York,20545,1
738,2021-01-23,Massachusetts,20017,1
644,2021-07-12,Pennsylvania,19502,2
231,2021-05-29,New York,3779,3
450,2021-12-31,New Jersey,70127,1
908,2021-06-03,Massachusetts,11128,1
795,2021-02-02,Massachusetts,65482,2
800,2021-07-07,Massachusetts,20527,2
818,2021-03-22,Massachusetts,64097,1
600,2021-03-11,Pennsylvania,31047,1
297,2021-01-07,New York,19798,1
690,2021-05-08,Pennsylvania,27619,1
587,2021-01-07,Pennsylvania,5049,1
125,2021-05-01,New York,22160,2
732,2021-08-17,Pennsylvania,122521,3
551,2021-06-10,Pennsylvania,81487,3
876,2021-04-24,Massachusetts,8225,1
20,2021-05-18,New York,36523,1
825,2021-07-28,Massachusetts,28225,3
748,2021-12-26,Massachusetts,49871,1
277,2021-10-11,New York,24201,1
577,2021-06-24,Pennsylvania,17440,3
256,2021-10-29,New York,83336,1
398,2021-01-22,New York,27348,1
984,2021-01-21,Massachusetts,77301,2
211,2021-09-11,New York,58360,1
650,2021-07-03,Pennsylvania,15923,2
89,2021-10-15,New York,18639,1
404,2021-06-09,New York,151726,2
191,2021-06-13,New York,26675,2
624,2021-11-22,Pennsylvania,10315,1
666,2021-11-06,Pennsylvania,6634,1
844,2021-10-04,Massachusetts,58345,1
474,2021-02-04,New Jersey,25856,2
949,2021-07-25,Massachusetts,9976,1
728,2021-01-23,Pennsylvania,43243,1
27,2021-09-11,New York,25842,1
223,2021-06-19,New York,4186,1
216,2021-09-11,New York,39683,2
248,2021-01-24,New York,83549,1
189,2021-12-16,New York,284888,3
892,2021-11-26,Massachusetts,22809,1
391,2021-11-21,New York,27796,4
70,2021-05-05,New York,109820,2
872,2021-09-08,Massachusetts,26075,1
533,2021-06-07,Pennsylvania,29008,2
977,2021-07-18,Massachusetts,11724,1
687,2021-07-19,Pennsylvania,5462,1
706,2021-11-04,Pennsylvania,54868,1
219,2021-08-06,New York,6164,1
233,2021-12-04,New York,68917,1
414,2021-12-22,New York,10015,1
288,2021-02-10,New York,28717,1
832,2021-07-01,Massachusetts,15180,1
701,2021-11-12,Pennsylvania,71296,1
366,2021-11-29,New York,29758,1
514,2021-12-17,Pennsylvania,156232,4
947,2021-05-07,Massachusetts,7453,1
619,2021-08-02,Pennsylvania,33318,1
827,2021-07-11,Massachusetts,23094,3
564,2021-02-08,Pennsylvania,29142,1
637,2021-08-27,Pennsylvania,108654,2
606,2021-05-02,Pennsylvania,39550,1
333,2021-08-27,New York,6992,2
699,2021-09-14,Pennsylvania,37553,1
104,2021-08-22,New York,14536,1
128,2021-01-20,New York,13720,1
853,2021-04-21,Massachusetts,62684,1
563,2021-06-02,Pennsylvania,12060,3
978,2021-05-14,Massachusetts,15067,1
241,2021-04-26,New York,22752,1
672,2021-04-04,Pennsylvania,56737,2
6,2021-04-30,New York,39403,1
655,2021-08-20,Pennsylvania,17424,2
403,2021-09-16,New York,16778,1
821,2021-06-13,Massachusetts,6904,1
549,2021-11-22,Pennsylvania,10303,1
662,2021-06-15,Pennsylvania,11449,1
663,2021-03-06,Pennsylvania,18972,1
61,2021-03-24,New York,160615,3
526,2021-10-21,Pennsylvania,11210,1
445,2021-10-11,New Jersey,16386,2
62,2021-02-16,New York,2829,1
37,2021-09-12,New York,40158,2
833,2021-01-10,Massachusetts,4548,1
625,2021-12-10,Pennsylvania,8896,1
705,2021-05-13,Pennsylvania,62463,1
165,2021-12-08,New York,2684,1
618,2021-02-03,Pennsylvania,24244,1
727,2021-05-31,Pennsylvania,49066,1
888,2021-08-21,Massachusetts,101260,2
550,2021-12-07,Pennsylvania,8777,2
779,2021-09-16,Massachusetts,11801,2
400,2021-09-21,New York,133845,2
879,2021-06-23,Massachusetts,21481,1
602,2021-08-30,Pennsylvania,10548,1
12,2021-06-16,New York,10748,3
926,2021-11-03,Massachusetts,8329,2
697,2021-08-19,Pennsylvania,14190,2
439,2021-10-05,New Jersey,65396,1
286,2021-10-28,New York,53518,2
144,2021-07-22,New York,6807,1
715,2021-05-31,Pennsylvania,27298,3
593,2021-12-02,Pennsylvania,14733,1
413,2021-09-01,New York,48168,1
775,2021-05-04,Massachusetts,18838,1
726,2021-06-28,Pennsylvania,31937,3
477,2021-01-28,New Jersey,18796,2
703,2021-12-21,Pennsylvania,2472,1
794,2021-12-28,Massachusetts,23086,1
25,2021-10-12,New York,6175,2
589,2021-09-05,Pennsylvania,46496,1
81,2021-12-24,New York,11161,3
361,2021-07-17,New York,12028,1
133,2021-08-29,New York,21831,2
1,2021-11-30,New York,39253,3
741,2021-08-09,Massachusetts,18588,1
19,2021-04-20,New York,113798,2
29,2021-01-04,New York,114556,4
334,2021-05-10,New York,122451,3
501,2021-03-05,Pennsylvania,17425,1
963,2021-10-12,Massachusetts,5004,1
583,2021-12-11,Pennsylvania,74614,2
350,2021-04-05,New York,14525,1
83,2021-08-26,New York,22883,1
495,2021-01-15,Pennsylvania,41288,2
330,2021-06-15,New York,4427,1
53,2021-12-19,New York,112322,3
999,2021-08-30,Maine,52837,1
173,2021-06-26,New York,31328,1
436,2021-07-19,New Jersey,53686,1
488,2021-02-09,New jersey,38444,2
570,2021-04-12,Pennsylvania,24756,2
852,2021-12-30,Massachusetts,16191,1
915,2021-10-17,Massachusetts,10518,1
890,2021-05-14,Massachusetts,29355,1
466,2021-12-25,New Jersey,31609,2
940,2021-08-29,Massachusetts,65069,3
851,2021-12-09,Massachusetts,26921,2
423,2021-04-24,New York,9384,2
980,2021-05-29,Massachusetts,4554,1
149,2021-12-21,New York,19389,1
516,2021-08-27,Pennsylvania,21430,1
218,2021-01-02,New York,19968,1
961,2021-12-19,Massachusetts,4767,1
494,2021-10-09,Pennsylvania,64503,1
639,2021-10-27,Pennsylvania,64385,2
464,2021-01-18,New Jersey,9669,1
143,2021-12-20,New York,49315,1
126,2021-01-30,New York,57116,1
152,2021-04-18,New York,22890,2
238,2021-01-23,New York,8531,1
592,2021-02-17,Pennsylvania,110568,2
629,2021-07-31,Pennsylvania,32239,1
535,2021-05-07,Pennsylvania,17136,1
880,2021-01-23,Massachusetts,47708,2
247,2021-02-09,New York,111548,3
573,2021-03-05,Pennsylvania,13398,2
108,2021-03-13,New York,43977,1
383,2021-03-19,New York,153762,3
337,2021-01-02,New York,7212,2
975,2021-01-04,Massachusetts,12718,1
604,2021-08-04,Pennsylvania,12114,2
44,2021-08-31,New York,18801,2
601,2021-12-22,Pennsylvania,17855,1
405,2021-09-22,New York,29756,2
796,2021-01-16,Massachusetts,9698,1
506,2021-12-18,Pennsylvania,11817,2
324,2021-06-09,New York,29771,1
889,2021-01-27,Massachusetts,25717,1
168,2021-01-15,New York,52790,1
137,2021-11-20,New York,33168,2
422,2021-08-16,New York,47660,2
220,2021-10-08,New York,7024,1
679,2021-01-15,Pennsylvania,15012,1
225,2021-09-09,New York,139858,2
454,2021-01-12,New Jersey,32600,2
519,2021-03-12,Pennsylvania,46509,2
847,2021-08-16,Massachusetts,28933,2
627,2021-03-11,Pennsylvania,33703,1
579,2021-04-22,Pennsylvania,17485,2
355,2021-06-18,New York,783541,8
772,2021-03-01,Massachusetts,14822,1
136,2021-10-14,New York,21198,1
746,2021-03-01,Massachusetts,1949,1
855,2021-03-16,Massachusetts,66587,3
900,2021-09-27,Massachusetts,12680,1
912,2021-12-24,Massachusetts,20727,1
955,2021-12-04,Massachusetts,12990,1
816,2021-09-27,Massachusetts,19174,2
906,2021-07-19,Massachusetts,16577,1
293,2021-08-25,New York,21099,1
944,2021-01-25,Massachusetts,20894,2
910,2021-12-31,Massachusetts,18879,1
731,2021-04-18,Pennsylvania,18622,2
740,2021-06-05,Massachusetts,81513,2
10,2021-03-29,New York,53179,2
962,2021-01-18,Massachusetts,53500,2
540,2021-02-26,Pennsylvania,10589,2
251,2021-12-20,New York,77406,1
207,2021-06-19,New York,68299,1
393,2021-11-19,New York,12665,1
636,2021-05-20,Pennsylvania,101099,2
69,2021-11-21,New York,11123,2
673,2021-03-24,Pennsylvania,3491,1
194,2021-03-17,New York,66272,2
649,2021-12-13,Pennsylvania,19545,1
572,2021-09-30,Pennsylvania,58508,2
829,2021-06-20,Massachusetts,10361,2
112,2021-04-02,New York,6237,1
325,2021-02-09,New York,75499,2
612,2021-10-05,Pennsylvania,5392,1
312,2021-07-11,New York,4624,2
432,2021-12-27,New york,3211,1
502,2021-05-14,Pennsylvania,1347,2
341,2021-01-17,New York,7792,1
718,2021-11-28,Pennsylvania,2516,1
611,2021-07-17,Pennsylvania,21256,2
886,2021-03-21,Massachusetts,2353,2
507,2021-07-15,Pennsylvania,7374,2
622,2021-02-02,Pennsylvania,226854,3
441,2021-09-06,New Jersey,31105,2
281,2021-01-01,New York,23221,1
407,2021-03-20,New York,4356,2
187,2021-05-08,New York,17230,1
442,2021-05-25,New Jersey,23112,1
634,2021-05-27,Pennsylvania,4424,2
789,2021-02-23,Massachusetts,24989,2
459,2021-12-05,New Jersey,72492,2
92,2021-03-25,New York,15549,2
410,2021-09-14,New York,18084,1
651,2021-08-03,Pennsylvania,2858,2
707,2021-05-24,Pennsylvania,5436,1
574,2021-06-01,Pennsylvania,63430,1
981,2021-07-31,Massachusetts,11367,1
503,2021-07-11,Pennsylvania,8693,3
686,2021-07-05,Pennsylvania,11019,1
475,2021-06-01,New Jersey,20796,2
904,2021-04-11,Massachusetts,6916,2
557,2021-06-18,Pennsylvania,24997,3
658,2021-06-10,Pennsylvania,5653,1
130,2021-08-12,New York,47763,3
911,2021-07-03,Massachusetts,7654,1
562,2021-12-17,Pennsylvania,82476,2
609,2021-09-28,Pennsylvania,21807,1
197,2021-11-17,New York,9456,1
215,2021-06-12,New York,54801,1
750,2021-02-06,Massachusetts,5572,1
841,2021-08-28,Massachusetts,12746,2
992,2021-01-30,Vermont,22025,3
895,2021-08-06,Massachusetts,19513,1
481,2021-01-11,New Jersey,2955,1
575,2021-10-15,Pennsylvania,8772,2
471,2021-09-15,New Jersey,26062,1
440,2021-05-04,New Jersey,5885,2
907,2021-06-23,Massachusetts,78153,4
681,2021-01-22,Pennsylvania,36141,1
759,2021-11-25,Massachusetts,13171,2
257,2021-04-28,New York,17671,1
763,2021-02-24,Massachusetts,141714,2
428,2021-10-13,New York,56162,1
781,2021-06-30,Massachusetts,32216,1
956,2021-12-11,Massachusetts,5348,2
497,2021-10-04,Pennsylvania,112377,2
635,2021-12-04,Pennsylvania,63095,2
490,2021-10-03,Pennsylvania,18989,2
665,2021-08-20,Pennsylvania,12712,1
460,2021-06-16,New Jersey,18253,1
76,2021-10-18,New York,6621,2
552,2021-01-29,Pennsylvania,13756,2
878,2021-02-25,Massachusetts,47248,1
884,2021-06-25,Massachusetts,3613,2
65,2021-03-08,New York,16090,1
919,2021-10-15,Massachusetts,24680,1
206,2021-11-10,New York,24430,2
8,2021-11-30,New York,6775,2
77,2021-08-06,New York,6754,2
866,2021-11-21,Massachusetts,65458,1
58,2021-01-28,New York,6473,1
762,2021-11-24,Massachusetts,60394,2
472,2021-04-19,New Jersey,13597,1
424,2021-08-28,New York,64848,2
377,2021-08-16,New York,14457,1
480,2021-11-12,New Jersey,6860,2
496,2021-09-26,Pennsylvania,51873,1
631,2021-10-01,Pennsylvania,21647,1
964,2021-02-19,Massachusetts,93768,1
319,2021-10-26,New York,53755,1
364,2021-08-13,New York,17511,2
412,2021-12-07,New York,14049,1
141,2021-10-29,New York,22547,1
88,2021-01-24,New York,26641,2
647,2021-01-05,Pennsylvania,9120,2
819,2021-10-26,Massachusetts,51120,2
812,2021-11-05,Massachusetts,14804,1
323,2021-04-13,New York,14429,1
766,2021-08-16,Massachusetts,12827,1
321,2021-06-03,New York,27751,1
60,2021-09-04,New York,11025,2
486,2021-09-26,New Jersey,25209,1
836,2021-08-20,Massachusetts,350320,4
385,2021-10-04,New York,20877,1
419,2021-12-12,New York,14271,2
768,2021-12-20,Massachusetts,4156,1
433,2021-02-09,New Jersey,23161,1
301,2021-07-25,New York,7265,1
976,2021-10-26,Massachusetts,15130,1
296,2021-02-28,New York,25632,1
315,2021-02-18,New York,3901,1
929,2021-06-24,Massachusetts,25783,1
46,2021-08-30,New York,29867,2
86,2021-05-27,New York,6020,1
109,2021-10-19,New York,14879,1
360,2021-12-16,New York,3531,3
645,2021-12-30,Pennsylvania,106457,2
16,2021-02-02,New York,30655,2
493,2021-04-18,Pennsylvania,18406,2
815,2021-12-09,Massachusetts,18705,2
193,2021-11-14,New York,68285,2
954,2021-08-08,Massachusetts,20047,2
628,2021-08-08,Pennsylvania,30663,1
867,2021-10-02,Massachusetts,100572,3
842,2021-04-11,Massachusetts,15581,2
401,2021-01-31,New York,7386,2
806,2021-02-19,Massachusetts,9658,2
539,2021-06-19,Pennsylvania,91919,1
438,2021-12-25,New Jersey,24135,2
140,2021-01-17,New York,13329,1
198,2021-08-08,New York,58317,2
467,2021-07-15,New Jersey,59752,1
14,2021-09-19,New York,13689,2
87,2021-11-12,New York,8334,3
265,2021-10-02,New York,4580,1
262,2021-07-05,New York,3663,2
222,2021-08-03,New York,16899,1
755,2021-02-09,Massachusetts,9016,1
259,2021-10-28,New York,141277,4
3,2021-02-11,New York,23354,1
354,2021-11-22,New York,3158,1
489,2021-06-01,Pennsylvania,91010,1
615,2021-05-30,Pennsylvania,25893,2
473,2021-02-22,New Jersey,44577,3
661,2021-08-01,Pennsylvania,43566,1
139,2021-11-30,New York,29630,1
67,2021-06-01,New York,37173,2
515,2021-05-25,Pennsylvania,27966,1
342,2021-05-03,New York,7285,2
56,2021-04-25,New York,31784,1
304,2021-07-28,New York,61323,3
745,2021-02-25,Massachusetts,17853,3
885,2021-10-11,Massachusetts,38227,1
51,2021-07-13,New York,33510,1
513,2021-02-03,Pennsylvania,135354,3
465,2021-03-06,New Jersey,17107,2
530,2021-04-21,Pennsylvania,16449,1
780,2021-05-11,Massachusetts,19596,1
305,2021-11-08,New York,19883,2
824,2021-01-22,Massachusetts,2270,1
434,2021-04-10,New Jersey,11584,1
537,2021-08-19,Pennsylvania,29729,2
695,2021-04-28,Pennsylvania,21845,2
357,2021-09-25,New York,9904,1
186,2021-10-20,New York,11330,3
555,2021-08-28,Pennsylvania,15435,1
129,2021-02-10,New York,9882,2
359,2021-02-27,New York,13187,1
244,2021-03-04,New York,12844,1
255,2021-11-23,New York,53926,1
782,2021-04-01,Massachusetts,60864,2
390,2021-12-11,New York,56027,1
720,2021-01-17,Pennsylvania,33749,1
154,2021-10-09,New York,10847,1
371,2021-06-26,New York,57517,1
998,2021-04-03,Maine,16087,1
582,2021-11-12,Pennsylvania,22540,2
951,2021-01-27,Massachusetts,83970,2
158,2021-03-22,New York,23956,1
765,2021-05-05,Massachusetts,28206,1
945,2021-02-07,Massachusetts,5363,3
271,2021-12-02,New York,35847,2
484,2021-10-15,New Jersey,8267,1
146,2021-09-14,New York,60593,1
717,2021-01-09,Pennsylvania,18314,1
790,2021-11-02,Massachusetts,2354,2
394,2021-08-24,New York,15398,1
826,2021-08-20,Massachusetts,17535,1
418,2021-08-31,New York,35792,2
843,2021-12-31,Massachusetts,43067,1
576,2021-05-14,Pennsylvania,15871,2
837,2021-06-14,Massachusetts,60650,1
990,2021-05-06,Rhode Island,928,1
899,2021-10-22,Massachusetts,10786,1
680,2021-05-12,Pennsylvania,7242,1
588,2021-07-21,Pennsylvania,6284,2
290,2021-04-23,New York,57510,1
411,2021-12-21,New York,50472,1
862,2021-01-08,Massachusetts,10140,1
630,2021-01-23,Pennsylvania,71543,2
213,2021-04-23,New York,24379,2
865,2021-09-01,Massachusetts,14448,1
358,2021-11-23,New York,11016,2
180,2021-07-10,New York,10115,4
860,2021-03-07,Massachusetts,35340,2
380,2021-10-21,New York,42199,1
99,2021-05-28,New York,27959,2
873,2021-06-07,Massachusetts,2835,1
135,2021-06-25,New York,29625,3
176,2021-08-05,New York,38770,2
957,2021-01-10,Massachusetts,11280,1
504,2021-07-07,Pennsylvania,23000,2
559,2021-03-22,Pennsylvania,3416,1
596,2021-12-29,Pennsylvania,6438,3
996,2021-11-10,Vermont,15927,4
39,2021-03-29,New York,16159,2
340,2021-04-20,New York,31310,1
2,2021-09-25,New York,6722,1
451,2021-09-02,New Jersey,15659,1
823,2021-12-29,Massachusetts,13497,1
817,2021-05-25,Massachusetts,37347,2
68,2021-10-12,New York,91221,2
208,2021-02-26,New York,123121,2
608,2021-10-19,Pennsylvania,4590,3
420,2021-07-15,New York,20994,2
253,2021-01-07,New York,7241,2
846,2021-05-27,Massachusetts,20646,1
339,2021-01-28,New York,33621,2
409,2021-04-15,New York,23897,2
111,2021-08-02,New York,20973,2
224,2021-01-05,New York,97056,2
942,2021-04-19,Massachusetts,45297,1
544,2021-06-26,Pennsylvania,16770,2
73,2021-09-09,New York,22566,2
47,2021-10-27,New York,52622,2
638,2021-05-20,Pennsylvania,40530,2
113,2021-01-18,New York,14399,1
96,2021-04-27,New York,3732,1
737,2021-10-28,Massachusetts,6737,1
214,2021-02-20,New York,25488,2
569,2021-01-05,Pennsylvania,3690,1
123,2021-07-13,New York,18913,1
106,2021-10-28,New York,13995,1
595,2021-02-28,Pennsylvania,59829,1
17,2021-07-20,New York,5896,1
742,2021-12-04,Massachusetts,3191,1
98,2021-07-03,New York,14478,2
988,2021-10-18,Rhode Island,41555,2
322,2021-06-02,New York,64210,1
382,2021-09-29,New York,8872,1
365,2021-11-10,New York,35252,1
510,2021-10-24,Pennsylvania,7249,1
